year,state_abbr,platform,total_plan_selections,new_consumers,avg_monthly_premium,avg_premium_after_aptc,aptc_consumers,aptc_avg_amount,aptc_avg_premium_after,csr_consumers,total_reenrollees,age_0_17,age_18_25,age_26_34,age_35_44,age_45_54,age_55_64,age_65_plus,male,female,premium_lte_10,pct_with_aptc
2020,AK,HC.gov,17696.0,4249.0,739.0,187.0,14545.0,671.0,89.0,3938.0,13447.0,2651.0,1148.0,3252.0,3029.0,2914.0,4492.0,210.0,8346.0,9350.0,,82.2
2020,AL,HC.gov,160429.0,37118.0,691.0,130.0,144062.0,625.0,79.0,110618.0,123311.0,4221.0,17773.0,29179.0,29790.0,33662.0,44989.0,815.0,66222.0,94207.0,,89.8
2020,AR,HC.gov,64360.0,14484.0,522.0,197.0,54638.0,383.0,147.0,36131.0,49876.0,5890.0,5433.0,9314.0,9998.0,12094.0,21098.0,533.0,28131.0,36229.0,,84.9
2020,AZ,HC.gov,153020.0,34391.0,589.0,220.0,119655.0,472.0,130.0,66554.0,118629.0,23532.0,12075.0,18599.0,20205.0,27015.0,50063.0,1531.0,69687.0,83333.0,,78.2
2020,CA,SBE,1538819.0,418052.0,569.0,185.0,1308064.0,445.0,134.0,648202.0,1120767.0,110268.0,150542.0,264143.0,234424.0,319562.0,447742.0,12138.0,734220.0,804599.0,,85.0
2020,CO,SBE,166852.0,34383.0,478.0,205.0,122438.0,368.0,135.0,49593.0,132469.0,16878.0,12057.0,29017.0,26824.0,28016.0,46319.0,7741.0,79446.0,87406.0,,73.4
2020,CT,SBE,107833.0,25280.0,684.0,244.0,74413.0,638.0,97.0,46677.0,82553.0,8005.0,9682.0,15386.0,14252.0,22023.0,36627.0,1858.0,49524.0,58309.0,,69.0
2020,DC,SBE,17538.0,4214.0,534.0,505.0,1051.0,422.0,219.0,356.0,13324.0,1888.0,1001.0,5398.0,3845.0,2711.0,2515.0,180.0,8351.0,9187.0,,6.0
2020,DE,HC.gov,23961.0,6056.0,668.0,192.0,19914.0,572.0,110.0,6831.0,17905.0,3065.0,1792.0,3491.0,3578.0,4342.0,7377.0,316.0,10744.0,13217.0,,83.1
2020,FL,HC.gov,1913975.0,525509.0,597.0,98.0,1789918.0,533.0,65.0,1237998.0,1388466.0,154496.0,228974.0,268584.0,321663.0,419816.0,484553.0,35889.0,854719.0,1059256.0,,93.5
2020,GA,HC.gov,463910.0,142379.0,566.0,133.0,406728.0,495.0,78.0,301815.0,321531.0,38341.0,55413.0,70950.0,79025.0,100071.0,113721.0,6389.0,202474.0,261436.0,,87.7
2020,HI,HC.gov,20073.0,4784.0,632.0,223.0,15725.0,523.0,138.0,7006.0,15289.0,1242.0,1383.0,2715.0,3768.0,4321.0,6296.0,348.0,8548.0,11525.0,,78.3
2020,IA,HC.gov,54586.0,12615.0,823.0,111.0,48051.0,809.0,34.0,17813.0,41971.0,2678.0,4078.0,8695.0,8553.0,9559.0,20590.0,433.0,25047.0,29539.0,,88.0
2020,ID,SBE,78431.0,18924.0,,,59897.0,,,21677.0,59507.0,14780.0,7732.0,11777.0,12354.0,11350.0,20267.0,171.0,36117.0,41754.0,,76.4
2020,IL,HC.gov,292945.0,63989.0,636.0,224.0,241324.0,500.0,153.0,120866.0,228956.0,20413.0,23564.0,49643.0,45459.0,55810.0,94040.0,4016.0,136489.0,156456.0,,82.4
2020,IN,HC.gov,140931.0,29425.0,544.0,270.0,96839.0,399.0,160.0,57678.0,111506.0,15544.0,10559.0,18990.0,20873.0,25360.0,48727.0,878.0,64560.0,76371.0,,68.7
2020,KS,HC.gov,85837.0,17877.0,638.0,171.0,73372.0,547.0,101.0,34423.0,67960.0,8649.0,8409.0,14215.0,13867.0,14182.0,25818.0,697.0,39147.0,46690.0,,85.5
2020,KY,HC.gov,83139.0,20623.0,594.0,185.0,66763.0,509.0,108.0,33484.0,62516.0,9434.0,6058.0,11987.0,12869.0,15002.0,27199.0,590.0,37144.0,45995.0,,80.3
2020,LA,HC.gov,87748.0,19630.0,677.0,190.0,75724.0,564.0,124.0,42901.0,68118.0,6941.0,6369.0,13526.0,14066.0,17182.0,28795.0,869.0,37837.0,49911.0,,86.3
2020,MA,SBE,319612.0,51630.0,398.0,198.0,243687.0,263.0,134.0,211340.0,267982.0,14873.0,34175.0,69820.0,62936.0,63284.0,71404.0,3120.0,143674.0,175938.0,,76.2
2020,MD,SBE,158934.0,38738.0,498.0,178.0,121287.0,443.0,92.0,54217.0,120196.0,7620.0,15883.0,30641.0,27347.0,30826.0,40535.0,6082.0,69027.0,89907.0,,76.3
2020,ME,HC.gov,62031.0,10905.0,642.0,176.0,52234.0,552.0,107.0,20527.0,51126.0,8135.0,3985.0,9035.0,9038.0,10978.0,20633.0,227.0,28618.0,33413.0,,84.2
2020,MI,HC.gov,262919.0,56542.0,480.0,176.0,217904.0,366.0,129.0,99067.0,206377.0,32289.0,20254.0,37854.0,37293.0,47336.0,85692.0,2201.0,123326.0,139593.0,,82.9
2020,MN,SBE,110042.0,25822.0,444.0,285.0,59692.0,292.0,201.0,10555.0,84220.0,12822.0,7796.0,15053.0,15088.0,17677.0,41113.0,493.0,53109.0,56933.0,,54.2
2020,MO,HC.gov,202750.0,48639.0,634.0,158.0,170785.0,564.0,85.0,116174.0,154111.0,15323.0,19343.0,32963.0,33093.0,37406.0,63408.0,1214.0,92240.0,110510.0,,84.2
2020,MS,HC.gov,98892.0,33102.0,608.0,82.0,93006.0,559.0,49.0,81452.0,65790.0,4287.0,13065.0,14782.0,17222.0,20840.0,27907.0,789.0,38157.0,60735.0,,94.0
2020,MT,HC.gov,43822.0,8544.0,572.0,173.0,35994.0,486.0,101.0,12593.0,35278.0,4033.0,3036.0,7356.0,7432.0,7268.0,14537.0,160.0,20761.0,23061.0,,82.1
2020,NC,HC.gov,505275.0,125635.0,660.0,116.0,453411.0,606.0,69.0,275100.0,379640.0,47922.0,52116.0,82583.0,84258.0,101244.0,133193.0,3959.0,221383.0,283892.0,,89.7
2020,ND,HC.gov,21666.0,3997.0,453.0,184.0,17990.0,323.0,140.0,7867.0,17669.0,5267.0,1682.0,3384.0,3131.0,2783.0,5326.0,93.0,10544.0,11122.0,,83.0
2020,NE,HC.gov,90845.0,18061.0,765.0,107.0,84009.0,711.0,59.0,26757.0,72784.0,14431.0,9427.0,15191.0,15011.0,14002.0,22344.0,439.0,43215.0,47630.0,,92.5
2020,NH,HC.gov,44412.0,9509.0,529.0,238.0,30949.0,418.0,138.0,15657.0,34903.0,3462.0,3401.0,7045.0,6200.0,8442.0,15602.0,260.0,20668.0,23744.0,,69.7
2020,NJ,HC.gov,246426.0,62419.0,554.0,241.0,184542.0,419.0,162.0,113719.0,184007.0,18167.0,21625.0,39471.0,36574.0,50688.0,74924.0,4977.0,114063.0,132363.0,,74.9
2020,NM,HC.gov,42714.0,9918.0,476.0,195.0,32159.0,374.0,121.0,14424.0,32796.0,3336.0,2763.0,5232.0,5929.0,8271.0,16517.0,666.0,19247.0,23467.0,,75.3
2020,NV,SBE,77410.0,20111.0,,,61669.0,,,32047.0,57299.0,11439.0,5729.0,11097.0,11762.0,13999.0,21761.0,1609.0,35609.0,41801.0,,79.7
2020,NY,SBE,272948.0,63442.0,643.0,226.0,159152.0,345.0,,68551.0,209506.0,9778.0,22290.0,51435.0,45692.0,56764.0,84633.0,2356.0,132315.0,140633.0,,58.3
2020,OH,HC.gov,196806.0,47919.0,522.0,230.0,147231.0,389.0,149.0,64039.0,148887.0,23268.0,13725.0,28325.0,26421.0,33088.0,70620.0,1359.0,90107.0,106699.0,,74.8
2020,OK,HC.gov,158642.0,31210.0,644.0,108.0,142984.0,594.0,54.0,90311.0,127432.0,19820.0,17144.0,26145.0,27671.0,27894.0,38872.0,1096.0,70422.0,88220.0,,90.1
2020,OR,HC.gov,145264.0,32744.0,558.0,231.0,104099.0,456.0,137.0,45223.0,112520.0,11686.0,10140.0,23952.0,25560.0,26837.0,45696.0,1393.0,64631.0,80633.0,,71.7
2020,PA,HC.gov,331825.0,68509.0,648.0,213.0,278956.0,517.0,151.0,141015.0,263316.0,16705.0,24734.0,52709.0,51366.0,65281.0,118056.0,2974.0,153454.0,178371.0,,84.1
2020,RI,SBE,34634.0,6267.0,435.0,180.0,27735.0,326.0,123.0,14403.0,28367.0,1731.0,3269.0,6152.0,6165.0,7040.0,9647.0,630.0,15559.0,19070.0,,80.1
2020,SC,HC.gov,214030.0,58340.0,613.0,124.0,192354.0,543.0,79.0,91126.0,155690.0,18908.0,21062.0,33486.0,33563.0,43022.0,62654.0,1335.0,93509.0,120521.0,,89.9
2020,SD,HC.gov,29331.0,5949.0,687.0,136.0,26832.0,602.0,95.0,13342.0,23382.0,4549.0,2623.0,5124.0,4865.0,4263.0,7821.0,86.0,13846.0,15485.0,,91.5
2020,TN,HC.gov,200445.0,49460.0,641.0,145.0,171489.0,580.0,77.0,98807.0,150985.0,11940.0,16842.0,33563.0,31634.0,40925.0,63923.0,1618.0,91609.0,108836.0,,85.6
2020,TX,HC.gov,1116293.0,325050.0,532.0,115.0,988190.0,470.0,69.0,639376.0,791243.0,125105.0,131670.0,157057.0,174563.0,225470.0,277769.0,24659.0,494267.0,622026.0,,88.5
2020,UT,HC.gov,200261.0,40547.0,425.0,93.0,180650.0,368.0,62.0,94873.0,159714.0,54399.0,23755.0,36216.0,33123.0,23685.0,28156.0,927.0,95818.0,104443.0,,90.2
2020,VA,HC.gov,269474.0,59725.0,641.0,174.0,226304.0,556.0,94.0,104261.0,209749.0,33288.0,24873.0,40198.0,40959.0,50729.0,73640.0,5787.0,123227.0,146247.0,,84.0
2020,VT,SBE,27335.0,3790.0,1034.0,448.0,21665.0,738.0,276.0,9319.0,23545.0,1089.0,2436.0,4492.0,4519.0,5442.0,9160.0,197.0,12991.0,14344.0,,79.3
2020,WA,SBE,212188.0,48825.0,528.0,283.0,127385.0,408.0,148.0,64059.0,163363.0,15825.0,16760.0,35804.0,35805.0,39895.0,64866.0,3233.0,95589.0,116592.0,,60.0
2020,WI,HC.gov,195498.0,36721.0,657.0,173.0,166233.0,569.0,107.0,73722.0,158777.0,11097.0,14273.0,29269.0,28447.0,33977.0,77494.0,941.0,88699.0,106799.0,,85.0
2020,WV,HC.gov,20066.0,4247.0,992.0,285.0,17315.0,819.0,190.0,9314.0,15819.0,1027.0,1043.0,2363.0,2898.0,3944.0,8644.0,147.0,8722.0,11344.0,,86.3
2020,WY,HC.gov,24574.0,5517.0,967.0,128.0,22347.0,923.0,55.0,5501.0,19057.0,3776.0,2092.0,4383.0,3989.0,3568.0,6670.0,96.0,11069.0,13505.0,,90.9
2021,AK,HC.gov,18184.0,3927.0,697.0,197.0,14426.0,631.0,91.0,3600.0,14257.0,2630.0,1141.0,3269.0,3287.0,3077.0,4513.0,267.0,8542.0,9642.0,,79.3
2021,AL,HC.gov,169119.0,36430.0,729.0,122.0,152933.0,672.0,73.0,117145.0,132689.0,3861.0,18222.0,31191.0,31863.0,35650.0,47340.0,992.0,69926.0,99193.0,,90.4
2021,AR,HC.gov,66094.0,13645.0,546.0,187.0,56339.0,420.0,135.0,35936.0,52449.0,5953.0,5323.0,9772.0,10374.0,12520.0,21457.0,695.0,29023.0,37071.0,,85.2
2021,AZ,HC.gov,154504.0,31137.0,581.0,219.0,119693.0,466.0,130.0,65729.0,123367.0,22959.0,12124.0,18804.0,20483.0,27386.0,50900.0,1848.0,70479.0,84025.0,,77.5
2021,CA,SBM,1625546.0,249279.0,571.0,187.0,1415206.0,443.0,146.0,686052.0,1376267.0,110069.0,150707.0,289702.0,252771.0,329938.0,477816.0,14543.0,783224.0,841584.0,,87.1
2021,CO,SBM,179607.0,30733.0,459.0,228.0,122518.0,336.0,152.0,50477.0,148874.0,18337.0,12721.0,31825.0,29522.0,30194.0,48199.0,8809.0,86325.0,93282.0,,68.2
2021,CT,SBM,104946.0,19056.0,692.0,241.0,72537.0,652.0,87.0,43882.0,85890.0,7192.0,8938.0,15423.0,14011.0,20654.0,36444.0,2284.0,48766.0,56180.0,,69.1
2021,DC,SBM,16947.0,3215.0,541.0,508.0,1193.0,435.0,206.0,396.0,13732.0,1728.0,981.0,5165.0,3800.0,2610.0,2459.0,204.0,8247.0,8700.0,,7.0
2021,DE,HC.gov,25320.0,4961.0,675.0,211.0,20532.0,572.0,119.0,6444.0,20359.0,2992.0,1885.0,3717.0,3805.0,4508.0,8045.0,368.0,11408.0,13912.0,,81.1
2021,FL,HC.gov,2120350.0,511082.0,599.0,104.0,1990718.0,527.0,73.0,1333455.0,1609268.0,162749.0,246078.0,299245.0,359959.0,461964.0,546073.0,44282.0,958248.0,1162102.0,,93.9
2021,GA,HC.gov,517113.0,138008.0,583.0,136.0,452914.0,511.0,81.0,328513.0,379105.0,37893.0,61543.0,80469.0,89187.0,112492.0,127144.0,8385.0,226598.0,290515.0,,87.6
2021,HI,HC.gov,22903.0,4981.0,624.0,191.0,18277.0,543.0,114.0,8143.0,17922.0,1124.0,1421.0,3159.0,4506.0,5110.0,7169.0,414.0,9889.0,13014.0,,79.8
2021,IA,HC.gov,59228.0,11285.0,656.0,168.0,50357.0,575.0,102.0,15374.0,47943.0,3004.0,4211.0,9291.0,9501.0,10355.0,22271.0,595.0,27305.0,31923.0,,85.0
2021,ID,SBM,68832.0,11679.0,,,53710.0,,,16582.0,57153.0,13168.0,6083.0,9952.0,10696.0,10137.0,18072.0,134.0,31734.0,36508.0,,78.0
2021,IL,HC.gov,291215.0,56806.0,625.0,244.0,237164.0,467.0,178.0,118405.0,234409.0,18385.0,22349.0,50067.0,46276.0,55449.0,94021.0,4668.0,136604.0,154611.0,,81.4
2021,IN,HC.gov,136593.0,24397.0,583.0,281.0,96159.0,428.0,172.0,52672.0,112196.0,14106.0,10035.0,18414.0,20711.0,24416.0,47807.0,1104.0,62688.0,73905.0,,70.4
2021,KS,HC.gov,88627.0,18547.0,628.0,180.0,76072.0,522.0,116.0,38235.0,70080.0,8218.0,8509.0,14582.0,14802.0,14888.0,26785.0,843.0,40349.0,48278.0,,85.8
2021,KY,HC.gov,77821.0,14744.0,605.0,199.0,61846.0,511.0,119.0,27863.0,63077.0,8210.0,5466.0,11041.0,12052.0,14097.0,26218.0,737.0,35256.0,42565.0,,79.5
2021,LA,HC.gov,83159.0,15992.0,741.0,189.0,73054.0,628.0,126.0,40627.0,67167.0,6104.0,5742.0,12496.0,13624.0,16189.0,27978.0,1026.0,36174.0,46985.0,,87.8
2021,MA,SBM,294097.0,32597.0,435.0,228.0,214301.0,285.0,150.0,189111.0,261500.0,10430.0,27283.0,66016.0,60240.0,58057.0,68354.0,3717.0,134722.0,159375.0,,72.9
2021,MD,SBM,166038.0,26497.0,439.0,182.0,121743.0,373.0,100.0,47675.0,139541.0,8313.0,14950.0,31732.0,28716.0,31774.0,43296.0,7257.0,73198.0,92840.0,,73.3
2021,ME,HC.gov,59738.0,9680.0,558.0,187.0,48179.0,459.0,120.0,19039.0,50058.0,7782.0,3717.0,8713.0,8779.0,10377.0,20077.0,293.0,27677.0,32061.0,,80.7
2021,MI,HC.gov,267070.0,50614.0,480.0,192.0,216309.0,356.0,143.0,95743.0,216456.0,31516.0,20100.0,38597.0,38544.0,47111.0,88524.0,2678.0,125965.0,141105.0,,81.0
2021,MN,SBM,112804.0,21720.0,439.0,302.0,56059.0,276.0,275.0,9945.0,91084.0,12953.0,8043.0,15684.0,16099.0,17933.0,41469.0,623.0,54901.0,57903.0,,49.7
2021,MO,HC.gov,215311.0,45886.0,639.0,172.0,181692.0,553.0,102.0,117429.0,169425.0,14693.0,20419.0,34719.0,36172.0,40258.0,67446.0,1604.0,97933.0,117378.0,,84.4
2021,MS,HC.gov,110966.0,29323.0,622.0,110.0,104656.0,543.0,81.0,83836.0,81643.0,4475.0,14332.0,16604.0,19847.0,23813.0,30850.0,1045.0,42973.0,67993.0,,94.3
2021,MT,HC.gov,44711.0,8002.0,571.0,196.0,35789.0,469.0,120.0,12170.0,36709.0,4312.0,3110.0,7504.0,7731.0,7446.0,14379.0,229.0,21256.0,23455.0,,80.0
2021,NC,HC.gov,535803.0,121392.0,633.0,125.0,479863.0,567.0,82.0,261799.0,414411.0,47196.0,53665.0,88648.0,90692.0,107730.0,142924.0,4948.0,235598.0,300205.0,,89.6
2021,ND,HC.gov,22709.0,4283.0,485.0,135.0,18926.0,420.0,84.0,6645.0,18426.0,5508.0,1762.0,3618.0,3393.0,2866.0,5455.0,107.0,11097.0,11612.0,,83.3
2021,NE,HC.gov,88688.0,13425.0,722.0,95.0,82307.0,676.0,54.0,24221.0,75263.0,14500.0,8588.0,14433.0,14809.0,13737.0,22129.0,492.0,42577.0,46111.0,,92.8
2021,NH,HC.gov,46670.0,8926.0,446.0,236.0,29861.0,328.0,148.0,15261.0,37744.0,3608.0,3476.0,7517.0,6653.0,8593.0,16473.0,350.0,21854.0,24816.0,,64.0
2021,NJ,SBM,269560.0,75749.0,575.0,228.0,212921.0,439.0,163.0,128822.0,193811.0,19366.0,23286.0,44995.0,40374.0,53985.0,81114.0,6440.0,125147.0,144413.0,,79.0
2021,NM,HC.gov,42984.0,9518.0,463.0,195.0,31070.0,371.0,117.0,13744.0,33466.0,3083.0,2690.0,5269.0,6076.0,8311.0,16734.0,821.0,19548.0,23436.0,,72.3
2021,NV,SBM,81903.0,25297.0,,,69488.0,,,40388.0,56606.0,11147.0,5957.0,11507.0,12819.0,15022.0,23640.0,1801.0,38238.0,43665.0,,84.8
2021,NY,SBM,215889.0,34081.0,656.0,256.0,112013.0,326.0,,41094.0,181808.0,9506.0,15880.0,37615.0,35682.0,43641.0,71001.0,2564.0,105403.0,110486.0,,51.9
2021,OH,HC.gov,201069.0,41091.0,524.0,243.0,148972.0,379.0,163.0,61594.0,159978.0,22769.0,13803.0,29061.0,27203.0,33630.0,72831.0,1772.0,92676.0,108393.0,,74.1
2021,OK,HC.gov,171551.0,33721.0,623.0,106.0,156190.0,568.0,61.0,95262.0,137830.0,20298.0,18163.0,27885.0,30970.0,30713.0,42087.0,1435.0,77184.0,94367.0,,91.0
2021,OR,HC.gov,141089.0,26330.0,562.0,246.0,98805.0,451.0,150.0,41368.0,114759.0,10895.0,9022.0,22954.0,25249.0,26772.0,44584.0,1613.0,63357.0,77732.0,,70.0
2021,PA,SBM,337722.0,75234.0,622.0,184.0,287264.0,515.0,131.0,131625.0,262488.0,17539.0,24098.0,53593.0,52094.0,64278.0,121759.0,4361.0,157036.0,180686.0,,85.1
2021,RI,SBM,31174.0,4588.0,455.0,175.0,24714.0,354.0,120.0,11863.0,26586.0,1479.0,2519.0,5573.0,5693.0,6321.0,8905.0,684.0,14421.0,16753.0,,79.3
2021,SC,HC.gov,230050.0,54379.0,583.0,128.0,205971.0,508.0,85.0,87541.0,175671.0,19053.0,21956.0,36288.0,36773.0,46214.0,67936.0,1830.0,101035.0,129015.0,,89.5
2021,SD,HC.gov,31375.0,5763.0,698.0,132.0,28451.0,625.0,89.0,13629.0,25612.0,4791.0,2786.0,5535.0,5262.0,4514.0,8371.0,116.0,14781.0,16594.0,,90.7
2021,TN,HC.gov,212052.0,49075.0,619.0,162.0,181928.0,532.0,101.0,98344.0,162977.0,12414.0,17154.0,35416.0,33841.0,43273.0,67790.0,2164.0,96719.0,115333.0,,85.8
2021,TX,HC.gov,1291972.0,354789.0,550.0,120.0,1158417.0,479.0,78.0,718178.0,937183.0,136627.0,151637.0,183469.0,205322.0,262089.0,320391.0,32437.0,574755.0,717217.0,,89.7
2021,UT,HC.gov,207911.0,38355.0,405.0,91.0,186984.0,349.0,62.0,91691.0,169556.0,58524.0,24462.0,36155.0,33824.0,24897.0,28883.0,1166.0,99874.0,108037.0,,89.9
2021,VA,HC.gov,261943.0,53053.0,595.0,171.0,218716.0,508.0,100.0,94515.0,208890.0,30643.0,23330.0,38690.0,40154.0,49425.0,72916.0,6785.0,119812.0,142131.0,,83.5
2021,VT,SBM,24866.0,2436.0,1050.0,461.0,19889.0,736.0,294.0,7974.0,22430.0,961.0,1990.0,3998.0,4192.0,4943.0,8551.0,231.0,11976.0,12889.0,,80.0
2021,WA,SBM,222731.0,49224.0,505.0,262.0,135303.0,399.0,134.0,58564.0,173507.0,15459.0,17789.0,38456.0,38096.0,41570.0,67355.0,4006.0,101353.0,121369.0,,60.7
2021,WI,HC.gov,191702.0,31173.0,629.0,185.0,159719.0,533.0,118.0,66235.0,160529.0,10089.0,13082.0,27835.0,27758.0,32669.0,79018.0,1251.0,87790.0,103912.0,,83.3
2021,WV,HC.gov,19381.0,3442.0,1038.0,323.0,16605.0,835.0,221.0,8595.0,15939.0,930.0,1009.0,2280.0,2829.0,3777.0,8366.0,190.0,8429.0,10952.0,,85.7
2021,WY,HC.gov,26728.0,6012.0,870.0,127.0,24216.0,820.0,60.0,5367.0,20716.0,3898.0,2279.0,4738.0,4491.0,3953.0,7244.0,125.0,12170.0,14558.0,,90.6
2022,AK,HC.gov,22786.0,5909.0,746.0,158.0,19367.0,692.0,77.0,5193.0,16877.0,3383.0,1536.0,3962.0,4103.0,3813.0,5715.0,274.0,10867.0,11919.0,8962.0,85.0
2022,AL,HC.gov,219314.0,50917.0,765.0,96.0,206677.0,710.0,66.0,150977.0,168397.0,5970.0,24241.0,41074.0,42324.0,46191.0,58276.0,1238.0,91877.0,127437.0,107621.0,94.2
2022,AR,HC.gov,88226.0,23764.0,537.0,134.0,78977.0,449.0,97.0,47417.0,64462.0,8972.0,7784.0,13172.0,14331.0,16591.0,26633.0,743.0,39645.0,48581.0,16491.0,89.5
2022,AZ,HC.gov,199706.0,48940.0,554.0,180.0,167009.0,446.0,120.0,86729.0,150766.0,30161.0,16616.0,25540.0,26715.0,35247.0,63127.0,2300.0,92186.0,107520.0,31074.0,83.6
2022,CA,SBM,1777442.0,255575.0,579.0,150.0,1599264.0,459.0,115.0,741179.0,1521867.0,127513.0,160915.0,324530.0,282664.0,349299.0,514723.0,17798.0,863808.0,912666.0,426882.0,90.0
2022,CO,SBM,198412.0,37164.0,466.0,191.0,147682.0,368.0,124.0,53033.0,161248.0,21044.0,14506.0,34448.0,32677.0,32591.0,53300.0,9846.0,96110.0,102302.0,45154.0,74.4
2022,CT,SBM,112633.0,19267.0,741.0,207.0,91834.0,654.0,115.0,40805.0,93366.0,8760.0,9406.0,16072.0,15406.0,21262.0,39559.0,2168.0,52530.0,60103.0,32030.0,81.5
2022,DC,SBM,15989.0,2753.0,559.0,502.0,2622.0,407.0,264.0,340.0,13236.0,1634.0,914.0,4456.0,3643.0,2539.0,2593.0,210.0,7606.0,8383.0,39.0,16.4
2022,DE,HC.gov,32113.0,7087.0,706.0,169.0,28543.0,604.0,114.0,7527.0,25026.0,4079.0,2459.0,4665.0,4734.0,5532.0,10170.0,474.0,14511.0,17602.0,8141.0,88.9
2022,FL,HC.gov,2723094.0,593885.0,611.0,80.0,2620652.0,552.0,60.0,1718572.0,2129209.0,238808.0,303689.0,401706.0,475045.0,570924.0,672283.0,60639.0,1260457.0,1462637.0,1033293.0,96.2
2022,GA,HC.gov,701135.0,179768.0,530.0,105.0,642497.0,464.0,72.0,445159.0,521367.0,50768.0,82496.0,113310.0,125428.0,151281.0,166575.0,11277.0,311615.0,389520.0,159363.0,91.6
2022,HI,HC.gov,22327.0,4082.0,642.0,164.0,18547.0,576.0,97.0,6807.0,18245.0,1361.0,1281.0,3091.0,4370.0,4851.0,6916.0,457.0,10091.0,12236.0,4631.0,83.1
2022,IA,HC.gov,72240.0,15912.0,666.0,135.0,64409.0,595.0,90.0,17783.0,56328.0,4614.0,5252.0,10906.0,11332.0,11981.0,27585.0,570.0,34232.0,38008.0,24945.0,89.2
2022,ID,SBM,73359.0,11041.0,508.0,214.0,46955.0,460.0,63.0,14730.0,62318.0,13042.0,7360.0,10113.0,11043.0,10801.0,19465.0,242.0,33534.0,38532.0,19468.0,64.0
2022,IL,HC.gov,323427.0,68023.0,643.0,204.0,280832.0,506.0,155.0,133243.0,255404.0,21583.0,24761.0,55101.0,52097.0,60858.0,104348.0,4679.0,154056.0,169371.0,42867.0,86.8
2022,IN,HC.gov,156926.0,35898.0,564.0,193.0,127460.0,458.0,121.0,61368.0,121028.0,15803.0,11781.0,21613.0,24353.0,28320.0,53782.0,1274.0,73016.0,83910.0,20637.0,81.2
2022,KS,HC.gov,107784.0,23178.0,627.0,149.0,97361.0,530.0,104.0,49878.0,84606.0,10111.0,10081.0,17576.0,18478.0,18333.0,32167.0,1038.0,49453.0,58331.0,20467.0,90.3
2022,LA,HC.gov,99626.0,23222.0,764.0,157.0,92466.0,655.0,118.0,45950.0,76404.0,8148.0,6863.0,14853.0,16637.0,19361.0,32683.0,1081.0,44720.0,54906.0,26870.0,92.8
2022,MA,SBM,268023.0,25759.0,470.0,201.0,193507.0,373.0,97.0,157825.0,242264.0,10037.0,22528.0,58082.0,55719.0,52355.0,65036.0,4266.0,124952.0,143071.0,45080.0,72.2
2022,MD,SBM,181603.0,39658.0,447.0,158.0,142650.0,383.0,99.0,46795.0,141945.0,10306.0,15069.0,34507.0,32167.0,34077.0,46860.0,8617.0,80965.0,100638.0,18651.0,78.6
2022,ME,SBM,66095.0,11025.0,554.0,163.0,54844.0,470.0,102.0,19660.0,55070.0,8879.0,4188.0,9437.0,9846.0,11242.0,21994.0,509.0,30737.0,35358.0,11377.0,83.0
2022,MI,HC.gov,303550.0,62475.0,503.0,170.0,258712.0,390.0,125.0,111671.0,241075.0,36194.0,23338.0,43785.0,43500.0,51226.0,102591.0,2916.0,144830.0,158720.0,47516.0,85.2
2022,MN,SBM,121322.0,26142.0,481.0,280.0,71672.0,340.0,190.0,10261.0,95180.0,14061.0,8388.0,16901.0,17548.0,18709.0,45124.0,591.0,59228.0,62094.0,1989.0,59.1
2022,MO,HC.gov,250341.0,46810.0,629.0,137.0,225808.0,546.0,93.0,138996.0,203531.0,17860.0,22824.0,39346.0,42811.0,47282.0,78353.0,1865.0,115451.0,134890.0,52038.0,90.2
2022,MS,HC.gov,143014.0,36935.0,618.0,72.0,137882.0,566.0,53.0,114400.0,106079.0,6852.0,17480.0,21638.0,26835.0,31309.0,37764.0,1136.0,58029.0,84985.0,29707.0,96.4
2022,MT,HC.gov,51134.0,10121.0,577.0,142.0,44408.0,500.0,91.0,14380.0,41013.0,5364.0,3766.0,8545.0,8846.0,8395.0,15979.0,239.0,24550.0,26584.0,15573.0,86.8
2022,NC,HC.gov,670223.0,150846.0,637.0,96.0,625977.0,579.0,68.0,335207.0,519377.0,60682.0,65058.0,110427.0,115450.0,136733.0,175507.0,6366.0,300892.0,369331.0,240243.0,93.4
2022,ND,HC.gov,29873.0,6627.0,507.0,100.0,26898.0,452.0,69.0,7641.0,23246.0,7063.0,2489.0,4584.0,4450.0,3716.0,7417.0,154.0,14702.0,15171.0,12154.0,90.0
2022,NE,HC.gov,99011.0,17586.0,707.0,121.0,94382.0,615.0,97.0,22200.0,81425.0,16860.0,9214.0,15149.0,16282.0,15583.0,25256.0,667.0,48365.0,50646.0,31686.0,95.3
2022,NH,HC.gov,52497.0,9586.0,447.0,212.0,36848.0,335.0,135.0,16433.0,42911.0,4150.0,3827.0,8615.0,7874.0,9119.0,18545.0,367.0,24833.0,27664.0,4488.0,70.2
2022,NJ,SBM,324266.0,58005.0,620.0,197.0,280108.0,489.0,148.0,155362.0,266261.0,24044.0,27638.0,55481.0,50276.0,63177.0,95956.0,7694.0,152400.0,171866.0,39134.0,86.4
2022,NM,SBM,45664.0,12331.0,540.0,219.0,37443.0,460.0,156.0,9710.0,33333.0,3284.0,3087.0,5885.0,6710.0,8683.0,17351.0,664.0,20855.0,24809.0,6014.0,82.0
2022,NV,SBM,101411.0,20562.0,,,91322.0,,,,80849.0,15556.0,7660.0,15599.0,16324.0,17752.0,26461.0,2047.0,47851.0,53560.0,16423.0,90.1
2022,NY,SBM,221895.0,35075.0,608.0,400.0,137984.0,363.0,233.0,34484.0,186820.0,9861.0,15898.0,39669.0,37445.0,43524.0,72574.0,2924.0,108074.0,113821.0,11712.0,62.2
2022,OH,HC.gov,259999.0,74767.0,575.0,230.0,205073.0,437.0,138.0,86729.0,185232.0,28233.0,17923.0,35359.0,33865.0,41369.0,101265.0,1985.0,121529.0,138470.0,35063.0,78.9
2022,OK,HC.gov,189444.0,30846.0,623.0,93.0,180069.0,558.0,69.0,102222.0,158598.0,23636.0,19203.0,29845.0,34246.0,34061.0,46808.0,1645.0,86317.0,103127.0,83184.0,95.1
2022,OR,HC.gov,146602.0,29040.0,587.0,201.0,115516.0,489.0,130.0,41461.0,117562.0,11631.0,9219.0,22585.0,25966.0,28054.0,47551.0,1596.0,66545.0,80057.0,23542.0,78.8
2022,PA,SBM,374776.0,67570.0,616.0,168.0,335527.0,501.0,133.0,125648.0,307206.0,20601.0,26332.0,59771.0,58169.0,68923.0,136781.0,4199.0,176406.0,198370.0,63235.0,89.5
2022,RI,SBM,32345.0,4760.0,477.0,135.0,27391.0,403.0,89.0,11329.0,27585.0,1609.0,2495.0,5868.0,5940.0,6371.0,9249.0,813.0,15179.0,17160.0,10754.0,84.7
2022,SC,HC.gov,300392.0,74749.0,585.0,107.0,281020.0,512.0,81.0,110532.0,225643.0,25819.0,28926.0,47411.0,49322.0,60132.0,86491.0,2291.0,134934.0,165458.0,109642.0,93.6
2022,SD,HC.gov,41339.0,9376.0,696.0,91.0,39031.0,640.0,67.0,17867.0,31963.0,6554.0,3591.0,6973.0,6933.0,5879.0,11247.0,162.0,19611.0,21728.0,17203.0,94.4
2022,TN,HC.gov,273680.0,65799.0,619.0,128.0,247062.0,543.0,85.0,131864.0,207881.0,17602.0,22150.0,46393.0,45592.0,56007.0,83235.0,2701.0,126907.0,146773.0,70267.0,90.3
2022,TX,HC.gov,1840947.0,503079.0,557.0,86.0,1727582.0,502.0,60.0,1122749.0,1337868.0,207311.0,212637.0,268149.0,302943.0,370108.0,434043.0,45756.0,828576.0,1012371.0,696357.0,93.8
2022,UT,HC.gov,256932.0,51349.0,408.0,62.0,240624.0,370.0,42.0,123557.0,205583.0,73889.0,31352.0,43403.0,40184.0,30969.0,35475.0,1660.0,124035.0,132897.0,112564.0,93.7
2022,VA,HC.gov,307946.0,65740.0,577.0,126.0,274207.0,506.0,81.0,118449.0,242206.0,37707.0,27147.0,45486.0,47865.0,57069.0,85010.0,7662.0,142176.0,165770.0,86942.0,89.0
2022,VT,SBM,26705.0,3968.0,692.0,204.0,23032.0,566.0,135.0,7586.0,22737.0,1250.0,1888.0,4212.0,4690.0,5269.0,9121.0,275.0,12974.0,13730.0,4794.0,86.2
2022,WA,SBM,239566.0,43115.0,485.0,229.0,167666.0,437.0,120.0,68767.0,196451.0,16293.0,19407.0,41650.0,41360.0,43841.0,72079.0,4936.0,109387.0,130179.0,45128.0,70.0
2022,WI,HC.gov,212209.0,39991.0,629.0,161.0,187555.0,530.0,118.0,72746.0,172218.0,12264.0,14056.0,29216.0,30044.0,34834.0,90562.0,1233.0,98628.0,113581.0,50232.0,88.4
2022,WV,HC.gov,23037.0,6464.0,1144.0,204.0,21594.0,1002.0,156.0,8601.0,16573.0,1259.0,1393.0,2849.0,3338.0,4502.0,9525.0,171.0,10317.0,12720.0,4994.0,93.7
2022,WY,HC.gov,34762.0,8064.0,857.0,88.0,32927.0,812.0,52.0,7810.0,26698.0,5151.0,2992.0,5755.0,5853.0,5289.0,9554.0,168.0,16056.0,18706.0,18491.0,94.7
2023,AK,HC.gov,25572.0,6044.0,846.0,224.0,21486.0,741.0,125.0,4426.0,19528.0,3901.0,1769.0,4220.0,4720.0,4387.0,6230.0,345.0,12253.0,13319.0,6153.0,84.0
2023,AL,HC.gov,258327.0,63498.0,743.0,101.0,245421.0,676.0,75.0,166852.0,194829.0,7227.0,27358.0,47329.0,51512.0,56448.0,66762.0,1691.0,109297.0,149030.0,103391.0,95.0
2023,AR,HC.gov,100407.0,26403.0,578.0,144.0,90468.0,481.0,104.0,53827.0,74004.0,10533.0,8611.0,14986.0,16743.0,19334.0,29367.0,833.0,45443.0,54964.0,22025.0,90.1
2023,AZ,HC.gov,235229.0,62283.0,564.0,162.0,200573.0,472.0,105.0,102996.0,172946.0,33710.0,19276.0,29989.0,33512.0,42790.0,73031.0,2921.0,110573.0,124656.0,55877.0,85.3
2023,CA,SBM,1739368.0,263325.0,607.0,176.0,1540823.0,486.0,134.0,688394.0,1476043.0,129701.0,152833.0,313888.0,281794.0,334784.0,506035.0,20149.0,847243.0,891497.0,402200.0,88.6
2023,CO,SBM,201758.0,39939.0,513.0,210.0,150733.0,404.0,143.0,47068.0,161819.0,22288.0,14844.0,32164.0,33172.0,33181.0,55888.0,10221.0,96980.0,104749.0,46315.0,74.7
2023,CT,SBM,108132.0,19656.0,846.0,243.0,90810.0,718.0,153.0,38129.0,88476.0,8620.0,9161.0,14612.0,14859.0,19870.0,38814.0,2196.0,50019.0,58113.0,24377.0,84.0
2023,DC,SBM,14768.0,2546.0,657.0,569.0,2856.0,447.0,325.0,455.0,12222.0,1510.0,859.0,3822.0,3452.0,2409.0,2499.0,217.0,7056.0,7712.0,14.0,19.3
2023,DE,HC.gov,34742.0,6285.0,730.0,197.0,30962.0,599.0,144.0,7753.0,28457.0,4598.0,2707.0,4956.0,5107.0,5871.0,10907.0,596.0,15786.0,18956.0,5867.0,89.1
2023,FL,HC.gov,3225435.0,724199.0,624.0,78.0,3115775.0,564.0,59.0,1992873.0,2501236.0,310099.0,345822.0,493088.0,586880.0,655687.0,755044.0,78815.0,1530434.0,1695001.0,1272467.0,96.6
2023,GA,HC.gov,879084.0,249657.0,551.0,96.0,819900.0,487.0,66.0,548879.0,629427.0,63656.0,99177.0,141871.0,166074.0,191447.0,202708.0,14151.0,404201.0,474883.0,328690.0,93.3
2023,HI,HC.gov,21645.0,3797.0,655.0,206.0,17817.0,545.0,140.0,5713.0,17848.0,1386.0,1167.0,2875.0,4185.0,4712.0,6859.0,461.0,9887.0,11758.0,2545.0,82.3
2023,IA,HC.gov,82704.0,17787.0,656.0,147.0,74139.0,568.0,105.0,20352.0,64917.0,5493.0,5903.0,12107.0,13204.0,13858.0,31443.0,696.0,39964.0,42740.0,24421.0,89.6
2023,ID,SBM,79927.0,16468.0,481.0,132.0,67655.0,413.0,79.0,21344.0,63459.0,16056.0,7110.0,10777.0,11870.0,11832.0,21275.0,240.0,36846.0,42314.0,21668.0,84.6
2023,IL,HC.gov,342995.0,79694.0,673.0,196.0,302559.0,540.0,147.0,145539.0,263301.0,23170.0,26135.0,57630.0,57274.0,65150.0,108616.0,5020.0,166384.0,176611.0,65959.0,88.2
2023,IN,HC.gov,185354.0,48613.0,570.0,187.0,156147.0,455.0,125.0,72669.0,136741.0,18061.0,13647.0,25820.0,30876.0,34815.0,60324.0,1811.0,88748.0,96606.0,38190.0,84.2
2023,KS,HC.gov,124473.0,29429.0,650.0,139.0,113764.0,559.0,97.0,60184.0,95044.0,10366.0,11045.0,19782.0,22578.0,22759.0,36702.0,1241.0,57955.0,66518.0,40043.0,91.4
2023,KY,SBM,62562.0,9686.0,603.0,193.0,51750.0,495.0,124.0,18860.0,52876.0,6115.0,4130.0,8212.0,9605.0,11623.0,22203.0,674.0,28769.0,33793.0,9260.0,82.7
2023,LA,HC.gov,120804.0,29811.0,766.0,126.0,113867.0,680.0,94.0,55280.0,90993.0,9337.0,8319.0,17525.0,21913.0,24578.0,37734.0,1398.0,56845.0,63959.0,46194.0,94.3
2023,MA,SBM,232621.0,29239.0,502.0,219.0,172928.0,381.0,118.0,134060.0,203382.0,9352.0,18520.0,46921.0,48463.0,45992.0,59079.0,4294.0,108398.0,124223.0,36786.0,74.3
2023,MD,SBM,182166.0,34205.0,472.0,183.0,138345.0,382.0,117.0,43949.0,147961.0,11024.0,14370.0,34628.0,32497.0,33804.0,46713.0,9130.0,81366.0,100800.0,14319.0,75.9
2023,ME,SBM,63388.0,10168.0,614.0,194.0,52715.0,506.0,130.0,17432.0,53220.0,8682.0,3991.0,8476.0,9648.0,10559.0,21604.0,428.0,29514.0,33874.0,10765.0,83.2
2023,MI,HC.gov,322273.0,66847.0,521.0,164.0,279707.0,412.0,121.0,119710.0,255426.0,36815.0,24787.0,46393.0,47314.0,55251.0,108512.0,3201.0,156771.0,165502.0,66532.0,86.8
2023,MN,SBM,118431.0,25862.0,490.0,293.0,67486.0,346.0,203.0,8372.0,92569.0,13936.0,8092.0,16042.0,16956.0,17844.0,45101.0,460.0,57751.0,60680.0,1853.0,57.0
2023,MO,HC.gov,257629.0,61510.0,669.0,132.0,237260.0,584.0,94.0,141758.0,196119.0,19164.0,21572.0,37817.0,45739.0,50728.0,80459.0,2150.0,121994.0,135635.0,77840.0,92.1
2023,MS,HC.gov,183478.0,48935.0,624.0,60.0,178314.0,580.0,45.0,130824.0,134543.0,8632.0,19768.0,27758.0,36683.0,42394.0,46821.0,1422.0,78116.0,105362.0,67370.0,97.2
2023,MT,HC.gov,53860.0,9181.0,610.0,186.0,46491.0,491.0,133.0,13781.0,44679.0,5896.0,4055.0,8732.0,9342.0,8955.0,16621.0,259.0,25895.0,27965.0,10476.0,86.3
2023,NC,HC.gov,800850.0,186028.0,643.0,92.0,756239.0,583.0,67.0,402828.0,614822.0,73961.0,74712.0,130924.0,144413.0,166434.0,201644.0,8762.0,370947.0,429903.0,354638.0,94.4
2023,ND,HC.gov,34130.0,6034.0,519.0,126.0,30743.0,436.0,96.0,8130.0,28096.0,7960.0,2899.0,5104.0,5227.0,4313.0,8438.0,189.0,16920.0,17210.0,9175.0,90.1
2023,NE,HC.gov,101490.0,18880.0,661.0,132.0,95869.0,560.0,104.0,25019.0,82610.0,17536.0,8937.0,14532.0,17159.0,16420.0,26288.0,618.0,50064.0,51426.0,32073.0,94.5
2023,NH,HC.gov,54557.0,9679.0,469.0,228.0,38089.0,345.0,149.0,15765.0,44878.0,4389.0,3833.0,8724.0,8614.0,9319.0,19251.0,427.0,25975.0,28582.0,5269.0,69.8
2023,NJ,SBM,341901.0,76958.0,658.0,215.0,300297.0,504.0,170.0,164706.0,264943.0,26454.0,28582.0,58777.0,54407.0,65458.0,99294.0,8929.0,161060.0,180841.0,25338.0,87.8
2023,NM,SBM,40778.0,9649.0,588.0,162.0,31731.0,534.0,91.0,8587.0,31129.0,3450.0,2395.0,4751.0,5824.0,7889.0,15874.0,595.0,18596.0,22182.0,9867.0,77.8
2023,NV,SBM,96379.0,19410.0,531.0,156.0,82512.0,439.0,104.0,44573.0,76969.0,14661.0,7159.0,13266.0,15342.0,17042.0,26604.0,2305.0,45539.0,50840.0,13312.0,85.6
2023,NY,SBM,214052.0,29734.0,656.0,451.0,130847.0,364.0,279.0,29850.0,184318.0,9814.0,15016.0,37340.0,36259.0,41809.0,70352.0,3462.0,104362.0,109690.0,5871.0,61.1
2023,OH,HC.gov,294644.0,74853.0,596.0,196.0,245634.0,479.0,117.0,103662.0,219791.0,30707.0,20427.0,40135.0,42087.0,50085.0,108556.0,2647.0,141888.0,152756.0,74515.0,83.4
2023,OK,HC.gov,203157.0,40169.0,647.0,98.0,193157.0,577.0,73.0,104303.0,162988.0,24388.0,18938.0,31167.0,38694.0,38598.0,49441.0,1931.0,95173.0,107984.0,93718.0,95.1
2023,OR,HC.gov,141963.0,26635.0,625.0,224.0,113422.0,503.0,155.0,37444.0,115328.0,11273.0,8529.0,20394.0,25153.0,27618.0,47611.0,1385.0,64558.0,77405.0,20670.0,79.9
2023,PA,SBM,371516.0,64872.0,641.0,183.0,325498.0,523.0,140.0,110226.0,306644.0,22102.0,25559.0,58490.0,58326.0,66826.0,136031.0,4182.0,175382.0,196134.0,70417.0,87.6
2023,RI,SBM,29626.0,4779.0,519.0,161.0,24889.0,427.0,111.0,9451.0,24847.0,1503.0,2081.0,5279.0,5428.0,5815.0,8687.0,833.0,13879.0,15741.0,7641.0,84.0
2023,SC,HC.gov,382968.0,101115.0,620.0,84.0,363337.0,566.0,60.0,154435.0,281853.0,32639.0,35482.0,61001.0,67924.0,78493.0,104245.0,3184.0,178095.0,204873.0,195130.0,94.9
2023,SD,HC.gov,47591.0,10105.0,724.0,111.0,44991.0,649.0,85.0,18244.0,37486.0,7991.0,4155.0,7834.0,7986.0,6801.0,12626.0,198.0,22812.0,24779.0,18032.0,94.5
2023,TN,HC.gov,348097.0,95499.0,638.0,110.0,321440.0,572.0,72.0,169607.0,252598.0,23146.0,27503.0,58613.0,62878.0,74042.0,98140.0,3775.0,166888.0,181209.0,147027.0,92.3
2023,TX,HC.gov,2410810.0,711751.0,578.0,65.0,2294124.0,539.0,43.0,1338421.0,1699059.0,272368.0,267219.0,361582.0,424845.0,486200.0,538059.0,60537.0,1111299.0,1299511.0,1421234.0,95.2
2023,UT,HC.gov,295196.0,53005.0,431.0,69.0,278096.0,385.0,49.0,143480.0,242191.0,84414.0,36959.0,49479.0,45809.0,36513.0,39724.0,2298.0,143517.0,151679.0,138385.0,94.2
2023,VA,HC.gov,346140.0,76683.0,485.0,127.0,304469.0,407.0,86.0,120683.0,269457.0,42020.0,30476.0,50226.0,56571.0,65021.0,92959.0,8867.0,163209.0,182931.0,95924.0,88.0
2023,VT,SBM,25664.0,3780.0,786.0,244.0,22468.0,620.0,175.0,6678.0,21884.0,1314.0,1775.0,3896.0,4376.0,5006.0,8999.0,298.0,12441.0,13222.0,3487.0,87.5
2023,WA,SBM,230371.0,39318.0,576.0,270.0,160786.0,438.0,160.0,65607.0,191053.0,15869.0,18159.0,37961.0,39943.0,42205.0,70792.0,5442.0,104896.0,125475.0,25751.0,69.8
2023,WI,HC.gov,221128.0,39619.0,668.0,173.0,194887.0,562.0,127.0,69425.0,181509.0,13113.0,13948.0,29370.0,31017.0,36206.0,96070.0,1404.0,103868.0,117260.0,53419.0,88.1
2023,WV,HC.gov,28325.0,8001.0,1174.0,168.0,26972.0,1057.0,128.0,9031.0,20324.0,1548.0,1728.0,3532.0,4439.0,5891.0,10944.0,243.0,13116.0,15209.0,9163.0,95.2
2023,WY,HC.gov,38565.0,8126.0,965.0,134.0,36673.0,873.0,97.0,7567.0,30439.0,5641.0,3264.0,6151.0,6382.0,6107.0,10836.0,184.0,17912.0,20653.0,15186.0,95.1
2024,AK,HC.gov,27464.0,6083.0,967.0,230.0,23436.0,865.0,122.0,4784.0,21381.0,4335.0,1879.0,4455.0,5194.0,4688.0,6591.0,322.0,13177.0,14287.0,7044.0,85.3
2024,AL,HC.gov,386195.0,110272.0,706.0,75.0,371010.0,656.0,55.0,261255.0,275923.0,12649.0,40629.0,70831.0,85293.0,87192.0,87222.0,2379.0,176113.0,210082.0,207187.0,96.1
2024,AR,HC.gov,156607.0,53127.0,555.0,116.0,144575.0,476.0,82.0,98927.0,103480.0,19082.0,15597.0,24226.0,29153.0,30006.0,37558.0,985.0,70656.0,85951.0,53553.0,92.3
2024,AZ,HC.gov,348055.0,102716.0,523.0,121.0,309366.0,452.0,75.0,168812.0,245339.0,46518.0,31819.0,49065.0,58048.0,64879.0,93862.0,3864.0,168462.0,179593.0,148992.0,88.9
2024,CA,SBM,1784653.0,306382.0,655.0,195.0,1554271.0,526.0,143.0,765245.0,1478271.0,137235.0,160498.0,318958.0,296698.0,335584.0,513628.0,22052.0,867771.0,916881.0,425260.0,87.1
2024,CO,SBM,237106.0,48135.0,556.0,204.0,183198.0,455.0,133.0,63466.0,188971.0,28100.0,18756.0,36877.0,39843.0,38787.0,62695.0,12048.0,113267.0,123807.0,67874.0,77.3
2024,CT,SBM,129000.0,28593.0,897.0,233.0,111789.0,766.0,153.0,56116.0,100407.0,8950.0,14023.0,17859.0,18105.0,23392.0,44185.0,2486.0,58205.0,70795.0,27495.0,86.7
2024,DC,SBM,14799.0,2705.0,894.0,775.0,3129.0,561.0,447.0,385.0,12094.0,1536.0,882.0,3765.0,3428.0,2459.0,2504.0,225.0,6999.0,7800.0,90.0,21.1
2024,DE,HC.gov,44842.0,10718.0,723.0,196.0,40409.0,585.0,147.0,12390.0,34124.0,5839.0,3702.0,6424.0,7349.0,7686.0,13161.0,681.0,20624.0,24218.0,7971.0,90.1
2024,FL,HC.gov,4211902.0,1009429.0,617.0,65.0,4096559.0,568.0,49.0,2630196.0,3202473.0,459551.0,475922.0,688847.0,816224.0,806412.0,865894.0,99052.0,2035315.0,2176587.0,2077409.0,97.3
2024,GA,HC.gov,1305114.0,350675.0,583.0,75.0,1247382.0,531.0,52.0,843753.0,954439.0,111200.0,159292.0,225886.0,262431.0,267522.0,259955.0,18828.0,622621.0,682493.0,685036.0,95.6
2024,HI,HC.gov,22170.0,4109.0,696.0,248.0,18259.0,544.0,183.0,5708.0,18061.0,1600.0,1172.0,2866.0,4324.0,4704.0,7051.0,453.0,10193.0,11977.0,2457.0,82.4
2024,IA,HC.gov,111423.0,27542.0,585.0,132.0,99630.0,507.0,93.0,33543.0,83881.0,8525.0,9056.0,16650.0,19647.0,19613.0,37081.0,851.0,53794.0,57629.0,39180.0,89.4
2024,ID,SBM,103783.0,18369.0,462.0,121.0,89715.0,395.0,77.0,33447.0,85414.0,24022.0,10147.0,13843.0,15570.0,14829.0,25008.0,364.0,48116.0,55640.0,27753.0,86.4
2024,IL,HC.gov,398814.0,116437.0,676.0,189.0,355916.0,545.0,141.0,188497.0,282377.0,30628.0,34422.0,70687.0,69392.0,72594.0,115813.0,5278.0,193740.0,205074.0,96888.0,89.2
2024,IN,HC.gov,295772.0,90052.0,532.0,129.0,263430.0,452.0,82.0,141321.0,205720.0,27943.0,25459.0,46114.0,57508.0,58581.0,77539.0,2628.0,147517.0,148255.0,120431.0,89.1
2024,KS,HC.gov,171376.0,45348.0,634.0,111.0,159923.0,561.0,77.0,90678.0,126028.0,15228.0,17469.0,27528.0,33778.0,32111.0,43611.0,1651.0,82292.0,89084.0,74965.0,93.3
2024,KY,SBM,75317.0,18760.0,621.0,206.0,62649.0,497.0,134.0,29132.0,56557.0,6262.0,6112.0,10521.0,12243.0,14046.0,25333.0,800.0,33531.0,41784.0,8073.0,83.2
2024,LA,HC.gov,212493.0,68975.0,710.0,90.0,203693.0,647.0,65.0,97583.0,143518.0,16268.0,18382.0,33022.0,44844.0,44344.0,53671.0,1962.0,105374.0,107119.0,121961.0,95.9
2024,MA,SBM,311199.0,65913.0,507.0,197.0,250386.0,385.0,118.0,249453.0,245286.0,16369.0,32070.0,62285.0,63381.0,58878.0,73184.0,5032.0,140837.0,170362.0,59285.0,80.5
2024,MD,SBM,213895.0,56220.0,475.0,179.0,163796.0,388.0,112.0,51025.0,157675.0,13417.0,21818.0,40286.0,38032.0,38313.0,51921.0,10108.0,93419.0,120476.0,27169.0,76.6
2024,ME,SBM,62586.0,10245.0,707.0,229.0,52401.0,564.0,163.0,17226.0,52341.0,7495.0,3873.0,8312.0,9994.0,10819.0,21713.0,380.0,28989.0,33597.0,6195.0,83.7
2024,MI,HC.gov,418100.0,110299.0,518.0,137.0,374042.0,426.0,98.0,175587.0,307801.0,47262.0,35290.0,64337.0,68516.0,73894.0,124886.0,3915.0,209006.0,209094.0,139422.0,89.5
2024,MN,SBM,135001.0,36206.0,501.0,297.0,78382.0,351.0,207.0,10850.0,98795.0,16630.0,10076.0,18602.0,19557.0,20258.0,49320.0,558.0,64987.0,70014.0,2265.0,58.1
2024,MO,HC.gov,359369.0,93603.0,650.0,92.0,337708.0,594.0,61.0,178475.0,265766.0,27847.0,30836.0,55515.0,72250.0,73464.0,96545.0,2912.0,179046.0,180323.0,183343.0,94.0
2024,MS,HC.gov,286410.0,82756.0,616.0,36.0,280895.0,592.0,25.0,202262.0,203654.0,13671.0,32576.0,47190.0,62691.0,65276.0,63124.0,1882.0,132065.0,154345.0,188355.0,98.1
2024,MT,HC.gov,66336.0,15653.0,604.0,162.0,58149.0,504.0,112.0,19361.0,50683.0,8732.0,5535.0,10666.0,11856.0,11081.0,18236.0,230.0,31901.0,34435.0,19724.0,87.7
2024,NC,HC.gov,1027930.0,218335.0,609.0,77.0,980133.0,558.0,55.0,511073.0,809595.0,96245.0,97741.0,175081.0,199139.0,212401.0,235754.0,11569.0,499194.0,528736.0,547448.0,95.4
2024,ND,HC.gov,38535.0,7014.0,520.0,132.0,34494.0,433.0,99.0,9855.0,31521.0,9169.0,3285.0,5687.0,6060.0,4895.0,9243.0,196.0,18974.0,19561.0,11603.0,89.5
2024,NE,HC.gov,117882.0,26132.0,670.0,120.0,111680.0,580.0,93.0,35856.0,91750.0,20821.0,10831.0,16686.0,20795.0,19674.0,28357.0,718.0,58585.0,59297.0,43798.0,94.7
2024,NH,HC.gov,65117.0,13709.0,453.0,202.0,46775.0,350.0,124.0,20619.0,51408.0,5994.0,5105.0,10406.0,10972.0,11002.0,21159.0,479.0,30861.0,34256.0,12025.0,71.8
2024,NJ,SBM,397942.0,100919.0,661.0,201.0,351652.0,521.0,156.0,206747.0,297023.0,31830.0,35934.0,70505.0,65597.0,74642.0,108770.0,10664.0,186249.0,211693.0,63311.0,88.4
2024,NM,SBM,56472.0,11348.0,604.0,151.0,46456.0,551.0,80.0,12887.0,45124.0,5171.0,4309.0,7097.0,8332.0,10408.0,20059.0,1096.0,25343.0,31129.0,17864.0,82.3
2024,NV,SBM,99312.0,25553.0,530.0,154.0,85178.0,438.0,103.0,48129.0,73759.0,15374.0,7535.0,13128.0,16125.0,17366.0,27492.0,2279.0,46404.0,52908.0,13862.0,85.8
2024,NY,SBM,288681.0,38222.0,714.0,410.0,205574.0,455.0,247.0,64097.0,250459.0,9541.0,24411.0,54974.0,52328.0,56193.0,87370.0,3864.0,138026.0,150655.0,16386.0,71.2
2024,OH,HC.gov,477793.0,141893.0,581.0,136.0,426977.0,498.0,81.0,183635.0,335900.0,44881.0,39605.0,73190.0,85876.0,90703.0,139058.0,4480.0,241633.0,236160.0,206432.0,89.4
2024,OK,HC.gov,277436.0,68787.0,632.0,79.0,266919.0,575.0,57.0,138774.0,208649.0,31570.0,25757.0,42520.0,58495.0,55590.0,61051.0,2453.0,135211.0,142225.0,155820.0,96.2
2024,OR,HC.gov,145509.0,29960.0,655.0,231.0,117714.0,524.0,164.0,39327.0,115549.0,11781.0,9204.0,20439.0,25987.0,28611.0,48137.0,1350.0,66044.0,79465.0,21955.0,80.9
2024,PA,SBM,434571.0,89745.0,641.0,180.0,378342.0,530.0,133.0,128273.0,344826.0,29509.0,33454.0,70070.0,71757.0,76969.0,147870.0,4942.0,202242.0,232329.0,84480.0,87.1
2024,RI,SBM,36121.0,10164.0,545.0,152.0,31196.0,454.0,106.0,13452.0,25957.0,1679.0,3215.0,6456.0,6447.0,6852.0,10533.0,939.0,16254.0,19863.0,10936.0,86.4
2024,SC,HC.gov,571175.0,137448.0,599.0,69.0,547213.0,553.0,50.0,243616.0,433727.0,47387.0,60875.0,96720.0,111570.0,115990.0,133697.0,4936.0,278177.0,292998.0,337379.0,95.8
2024,SD,HC.gov,52974.0,9537.0,695.0,114.0,50436.0,611.0,92.0,20081.0,43437.0,10635.0,4794.0,8079.0,8858.0,7342.0,13050.0,216.0,25760.0,27214.0,19159.0,95.2
2024,TN,HC.gov,555103.0,154054.0,622.0,73.0,525633.0,580.0,45.0,293599.0,401049.0,38502.0,52156.0,98062.0,113563.0,118228.0,129103.0,5489.0,277956.0,277147.0,329828.0,94.7
2024,TX,HC.gov,3484632.0,957080.0,566.0,50.0,3357161.0,536.0,33.0,1697497.0,2527552.0,428818.0,415323.0,565343.0,654226.0,663716.0,679353.0,77853.0,1654391.0,1830241.0,2158968.0,96.3
2024,UT,HC.gov,366939.0,77681.0,468.0,67.0,349705.0,421.0,48.0,197064.0,289258.0,104234.0,46738.0,63408.0,58110.0,45562.0,45635.0,3252.0,179174.0,187765.0,183736.0,95.3
2024,VA,SBM,400058.0,57029.0,473.0,119.0,350008.0,405.0,75.0,130496.0,343029.0,51966.0,37200.0,58560.0,68155.0,73872.0,99924.0,10381.0,190840.0,209218.0,137980.0,87.5
2024,VT,SBM,30027.0,4982.0,874.0,243.0,26592.0,702.0,178.0,8354.0,25045.0,1815.0,2527.0,4734.0,5305.0,5645.0,9656.0,345.0,14317.0,15709.0,3598.0,88.6
2024,WA,SBM,272494.0,59813.0,595.0,271.0,194683.0,453.0,160.0,90947.0,212681.0,18304.0,26107.0,47096.0,49119.0,48621.0,76957.0,6290.0,123031.0,149463.0,36871.0,71.4
2024,WI,HC.gov,266327.0,60605.0,671.0,166.0,235587.0,572.0,117.0,93812.0,205722.0,17426.0,19876.0,36459.0,39928.0,44476.0,106526.0,1636.0,127285.0,139042.0,80966.0,88.5
2024,WV,HC.gov,51046.0,17571.0,1119.0,118.0,49334.0,1035.0,88.0,19394.0,33475.0,2603.0,3700.0,7304.0,9998.0,11599.0,15475.0,367.0,24621.0,26425.0,25293.0,96.6
2024,WY,HC.gov,42293.0,8861.0,937.0,118.0,40149.0,863.0,80.0,9557.0,33432.0,6470.0,3864.0,6595.0,7209.0,6620.0,11365.0,170.0,19589.0,22704.0,18824.0,94.9
2025,AK,HC.gov,28736.0,5735.0,1105.0,223.0,25170.0,1008.0,115.0,5057.0,23001.0,4770.0,1978.0,4597.0,5541.0,4836.0,6655.0,359.0,13729.0,15007.0,7024.0,87.6
2025,AL,HC.gov,477838.0,74133.0,649.0,65.0,457379.0,610.0,44.0,314840.0,403705.0,17216.0,54580.0,88433.0,107396.0,106202.0,100567.0,3444.0,222108.0,255730.0,252013.0,95.7
2025,AR,HC.gov,166639.0,36976.0,591.0,124.0,153328.0,507.0,88.0,102908.0,129663.0,20710.0,17214.0,26233.0,30625.0,31680.0,39078.0,1099.0,73172.0,93467.0,37969.0,92.0
2025,AZ,HC.gov,423025.0,76584.0,524.0,113.0,379185.0,458.0,69.0,212207.0,346441.0,52219.0,41378.0,63960.0,75683.0,78230.0,106727.0,4828.0,206865.0,216160.0,174185.0,89.6
2025,CA,SBE,1979504.0,345711.0,686.0,187.0,1751690.0,562.0,135.0,899105.0,1633793.0,155660.0,203200.0,352331.0,337382.0,361241.0,548814.0,20875.0,952679.0,1026824.0,561845.0,88.5
2025,CO,SBE,282481.0,49047.0,570.0,205.0,225484.0,457.0,138.0,82074.0,233434.0,35057.0,24144.0,44005.0,49044.0,45782.0,70446.0,14003.0,134285.0,148189.0,78279.0,79.8
2025,CT,SBE,151151.0,28909.0,918.0,223.0,133192.0,789.0,146.0,72908.0,122242.0,9960.0,17642.0,22140.0,23604.0,27334.0,47765.0,2706.0,67373.0,83778.0,42213.0,88.1
2025,DC,SBE,14930.0,3432.0,739.0,610.0,4217.0,622.0,443.0,558.0,11498.0,1502.0,932.0,3607.0,3400.0,2535.0,2732.0,222.0,6987.0,7943.0,98.0,28.2
2025,DE,HC.gov,52931.0,9732.0,749.0,217.0,48014.0,586.0,169.0,15720.0,43199.0,6700.0,4797.0,7752.0,9107.0,9041.0,14668.0,866.0,24347.0,28584.0,9539.0,90.7
2025,FL,HC.gov,4735415.0,722759.0,641.0,67.0,4601986.0,591.0,49.0,3059411.0,4012656.0,556153.0,547888.0,779563.0,944288.0,876825.0,917243.0,113455.0,2283157.0,2452258.0,2367077.0,97.2
2025,GA,SBE,1510852.0,227569.0,620.0,74.0,1398360.0,590.0,41.0,1001636.0,1283283.0,139049.0,195435.0,265098.0,302652.0,296590.0,285480.0,26548.0,717253.0,793599.0,758693.0,92.6
2025,HI,HC.gov,24606.0,5143.0,729.0,252.0,20439.0,574.0,186.0,6670.0,19463.0,1746.0,1443.0,3247.0,4722.0,5268.0,7697.0,483.0,11360.0,13246.0,3701.0,83.1
2025,IA,HC.gov,136833.0,24369.0,555.0,141.0,120692.0,470.0,99.0,45615.0,112464.0,10952.0,12289.0,21367.0,24998.0,24471.0,41704.0,1052.0,65986.0,70847.0,42927.0,88.2
2025,ID,SBE,117373.0,20410.0,482.0,129.0,100762.0,411.0,78.0,39014.0,96963.0,27977.0,12071.0,15561.0,17333.0,16888.0,27109.0,434.0,54501.0,62872.0,29947.0,85.8
2025,IL,HC.gov,465985.0,111081.0,674.0,190.0,418039.0,540.0,143.0,239201.0,354904.0,37662.0,45777.0,85014.0,83506.0,81727.0,124627.0,7672.0,222937.0,243048.0,110205.0,89.7
2025,IN,HC.gov,359240.0,63327.0,503.0,120.0,322426.0,427.0,77.0,197804.0,295913.0,33876.0,34215.0,59447.0,71939.0,70336.0,85770.0,3657.0,177772.0,181468.0,118399.0,89.8
2025,KS,HC.gov,200046.0,34577.0,649.0,106.0,187387.0,580.0,73.0,109885.0,165469.0,18993.0,22866.0,32724.0,39955.0,36946.0,46549.0,2013.0,96210.0,103836.0,94899.0,93.7
2025,KY,SBE,97374.0,23493.0,601.0,180.0,83518.0,489.0,119.0,47032.0,73881.0,6864.0,9336.0,15731.0,17715.0,18051.0,28916.0,761.0,42209.0,55163.0,14257.0,85.8
2025,LA,HC.gov,292994.0,49243.0,642.0,72.0,281548.0,593.0,50.0,142136.0,243751.0,21265.0,30228.0,48277.0,64354.0,60694.0,65497.0,2679.0,143905.0,149089.0,183586.0,96.1
2025,MA,SBE,389191.0,62555.0,535.0,198.0,324367.0,404.0,126.0,214987.0,326636.0,19399.0,47193.0,78644.0,80837.0,72433.0,84993.0,5688.0,174390.0,214801.0,71536.0,83.3
2025,MD,SBE,247243.0,54255.0,492.0,184.0,188904.0,404.0,108.0,64355.0,192988.0,15136.0,27978.0,47220.0,45197.0,42940.0,57095.0,11677.0,107603.0,139640.0,40662.0,76.4
2025,ME,SBE,64678.0,11285.0,758.0,245.0,54757.0,607.0,178.0,18493.0,53393.0,6866.0,4126.0,9019.0,10749.0,11261.0,22279.0,378.0,29923.0,34755.0,5697.0,84.7
2025,MI,HC.gov,531083.0,97493.0,540.0,131.0,484004.0,448.0,96.0,256052.0,433590.0,58892.0,49406.0,86540.0,93430.0,93904.0,143709.0,5202.0,265507.0,265576.0,202069.0,91.1
2025,MN,SBE,151512.0,42289.0,529.0,307.0,92489.0,364.0,216.0,14274.0,109223.0,18069.0,12426.0,21593.0,22856.0,23135.0,52803.0,630.0,71882.0,79630.0,3059.0,61.0
2025,MO,HC.gov,417000.0,65059.0,621.0,91.0,392595.0,564.0,62.0,220630.0,351941.0,35909.0,38993.0,65929.0,85460.0,83653.0,103467.0,3589.0,209118.0,207882.0,188825.0,94.1
2025,MS,HC.gov,338159.0,48089.0,605.0,41.0,331210.0,576.0,30.0,260594.0,290070.0,17764.0,45126.0,57997.0,72713.0,73799.0,68474.0,2286.0,155858.0,182301.0,153937.0,97.9
2025,MT,HC.gov,77221.0,15404.0,634.0,151.0,68707.0,543.0,102.0,24909.0,61817.0,10384.0,6962.0,12485.0,14307.0,13049.0,19712.0,322.0,36937.0,40284.0,28925.0,89.0
2025,NC,HC.gov,975110.0,126127.0,637.0,97.0,919453.0,573.0,69.0,435456.0,848983.0,87923.0,92560.0,166635.0,192001.0,199385.0,224592.0,12014.0,478693.0,496417.0,396838.0,94.3
2025,ND,HC.gov,42901.0,7354.0,585.0,145.0,38928.0,485.0,111.0,10914.0,35547.0,9971.0,3819.0,6453.0,6929.0,5594.0,9903.0,232.0,21177.0,21724.0,11721.0,90.7
2025,NE,HC.gov,136684.0,23369.0,687.0,114.0,129941.0,602.0,87.0,47247.0,113315.0,24540.0,13530.0,19677.0,24644.0,22976.0,30355.0,962.0,67665.0,69019.0,58669.0,95.1
2025,NH,HC.gov,70337.0,12536.0,469.0,230.0,49757.0,338.0,150.0,22056.0,57801.0,6126.0,5739.0,11503.0,12542.0,11722.0,22131.0,574.0,33375.0,36962.0,5415.0,70.7
2025,NJ,SBE,513217.0,112699.0,673.0,179.0,462504.0,548.0,137.0,288485.0,400518.0,42986.0,55846.0,92184.0,86683.0,93671.0,127222.0,14625.0,237959.0,275258.0,102844.0,90.1
2025,NM,SBE,70373.0,11197.0,657.0,152.0,60022.0,592.0,86.0,19370.0,59176.0,5748.0,6414.0,9620.0,11010.0,13209.0,22855.0,1517.0,31140.0,39231.0,19941.0,85.3
2025,NV,SBE,110687.0,26852.0,555.0,152.0,96123.0,465.0,99.0,57382.0,83835.0,17257.0,8651.0,14685.0,18534.0,19083.0,29695.0,2782.0,51459.0,59228.0,18832.0,86.8
2025,NY,SBE,221534.0,37813.0,791.0,532.0,140403.0,440.0,340.0,41504.0,183721.0,9339.0,16324.0,40567.0,40213.0,42187.0,69009.0,3895.0,107615.0,113919.0,5335.0,63.4
2025,OH,HC.gov,583443.0,99034.0,580.0,126.0,529774.0,500.0,79.0,271210.0,484409.0,54277.0,53674.0,93829.0,111785.0,110815.0,153528.0,5535.0,294668.0,288775.0,249750.0,90.8
2025,OK,HC.gov,307989.0,42750.0,616.0,78.0,296735.0,558.0,58.0,168915.0,265239.0,34796.0,30755.0,47421.0,65537.0,62119.0,64426.0,2935.0,151420.0,156569.0,171582.0,96.3
2025,OR,HC.gov,139688.0,23703.0,696.0,272.0,111620.0,531.0,199.0,30289.0,115985.0,12307.0,8846.0,18229.0,24682.0,27896.0,46430.0,1298.0,63126.0,76562.0,15466.0,79.9
2025,PA,SBE,496661.0,90472.0,655.0,187.0,429551.0,541.0,134.0,145431.0,406189.0,36018.0,42151.0,80568.0,85945.0,87813.0,158358.0,5808.0,230358.0,266303.0,111022.0,86.5
2025,RI,SBE,42117.0,7414.0,568.0,155.0,36997.0,470.0,109.0,15569.0,34703.0,1803.0,4704.0,7390.0,7907.0,8004.0,11302.0,1007.0,18148.0,23965.0,12499.0,87.8
2025,SC,HC.gov,631948.0,102091.0,572.0,73.0,602457.0,523.0,52.0,271277.0,529857.0,60916.0,71413.0,104686.0,124411.0,125178.0,139921.0,5423.0,305920.0,326028.0,352217.0,95.3
2025,SD,HC.gov,54721.0,8689.0,691.0,125.0,51707.0,600.0,99.0,18975.0,46032.0,11375.0,4940.0,8186.0,9047.0,7797.0,13146.0,230.0,26579.0,28142.0,15376.0,94.5
2025,TN,HC.gov,642867.0,105348.0,634.0,72.0,610685.0,592.0,46.0,363348.0,537519.0,46310.0,69200.0,113934.0,132574.0,133481.0,140820.0,6548.0,320180.0,322687.0,297167.0,95.0
2025,TX,HC.gov,3966226.0,708067.0,573.0,57.0,3781291.0,541.0,34.0,1815284.0,3258159.0,540486.0,496650.0,649667.0,752483.0,719999.0,720935.0,86006.0,1880377.0,2085849.0,2302231.0,95.3
2025,UT,HC.gov,421890.0,67471.0,514.0,70.0,403968.0,463.0,52.0,237811.0,354419.0,117239.0,55598.0,74404.0,67140.0,53134.0,50523.0,3852.0,205327.0,216563.0,222329.0,95.8
2025,VA,SBE,388856.0,69335.0,489.0,135.0,335255.0,410.0,87.0,126651.0,319521.0,53095.0,37426.0,55700.0,64535.0,69771.0,98096.0,10233.0,183230.0,205626.0,115196.0,86.2
2025,VT,SBE,32862.0,3663.0,1067.0,220.0,30459.0,911.0,192.0,6610.0,29199.0,2030.0,2894.0,5074.0,6194.0,6287.0,10033.0,350.0,17417.0,15445.0,9194.0,92.7
2025,WA,SBE,308227.0,58242.0,629.0,288.0,224315.0,469.0,173.0,115025.0,249985.0,19389.0,31719.0,54555.0,57227.0,54242.0,83527.0,7568.0,139555.0,168672.0,40854.0,72.8
2025,WI,HC.gov,313579.0,53265.0,687.0,167.0,278768.0,585.0,118.0,118784.0,260314.0,20956.0,26965.0,45210.0,49905.0,52550.0,115965.0,2028.0,149652.0,163927.0,97917.0,88.9
2025,WV,HC.gov,67113.0,12378.0,1170.0,101.0,65152.0,1102.0,74.0,26026.0,54735.0,3441.0,5144.0,9992.0,13736.0,15785.0,18610.0,405.0,32134.0,34979.0,32496.0,97.1
2025,WY,HC.gov,46643.0,9319.0,1006.0,134.0,44423.0,915.0,96.0,11876.0,37324.0,7409.0,4372.0,7271.0,8019.0,7440.0,11949.0,183.0,21513.0,25130.0,19807.0,95.2
2026,AK,HC.gov,26079.0,4584.0,1043.0,344.0,19249.0,947.0,114.0,4092.0,21495.0,4547.0,1773.0,3962.0,5061.0,4503.0,5916.0,317.0,12421.0,13658.0,5054.0,73.8
2026,AL,HC.gov,455776.0,60346.0,743.0,126.0,415172.0,678.0,70.0,221936.0,395430.0,14889.0,51688.0,82459.0,103784.0,103605.0,95551.0,3800.0,216403.0,239373.0,149890.0,91.1
2026,AR,HC.gov,160307.0,29746.0,839.0,162.0,139372.0,779.0,79.0,51021.0,130561.0,20701.0,16196.0,24671.0,29055.0,30582.0,38040.0,1062.0,70501.0,89806.0,44958.0,86.9
2026,AZ,HC.gov,357144.0,56742.0,688.0,229.0,295299.0,555.0,133.0,119059.0,300402.0,47071.0,34469.0,51832.0,62052.0,63911.0,92951.0,4858.0,174957.0,182187.0,62361.0,82.7
2026,CA,SBE,1927371.0,235055.0,737.0,264.0,1577627.0,579.0,165.0,837535.0,1692316.0,146696.0,204229.0,339135.0,339882.0,349038.0,527890.0,20501.0,931847.0,995514.0,212367.0,81.9
2026,CO,SBE,277238.0,37335.0,673.0,318.0,191153.0,511.0,187.0,73868.0,239903.0,34292.0,24137.0,43764.0,49444.0,45639.0,67420.0,12542.0,131758.0,145475.0,46686.0,68.9
2026,CT,SBE,156745.0,26902.0,1030.0,277.0,123873.0,952.0,100.0,83665.0,129843.0,9418.0,19059.0,24605.0,26884.0,28269.0,45672.0,2838.0,68694.0,88051.0,38233.0,79.0
2026,DC,SBE,16053.0,3522.0,815.0,725.0,3012.0,480.0,398.0,503.0,12531.0,1635.0,1032.0,3629.0,3764.0,2735.0,2981.0,277.0,,,,18.8
2026,DE,HC.gov,44663.0,6758.0,901.0,320.0,36026.0,720.0,172.0,10073.0,37905.0,6016.0,3972.0,6282.0,7457.0,7442.0,12682.0,812.0,20235.0,24428.0,5529.0,80.7
2026,FL,HC.gov,4538772.0,725149.0,806.0,106.0,4295772.0,740.0,62.0,2164168.0,3813623.0,563684.0,503167.0,719675.0,919788.0,837919.0,875830.0,118709.0,2186272.0,2352500.0,1525517.0,94.6
2026,GA,SBE,1324295.0,192032.0,777.0,164.0,1180015.0,688.0,89.0,675862.0,1132263.0,123661.0,168535.0,224980.0,263585.0,263502.0,257489.0,22543.0,624621.0,699674.0,307776.0,89.1
2026,HI,HC.gov,23380.0,4130.0,778.0,372.0,16702.0,568.0,243.0,5179.0,19250.0,1667.0,1364.0,2941.0,4531.0,5115.0,7264.0,498.0,10771.0,12609.0,1169.0,71.4
2026,IA,HC.gov,123304.0,17687.0,615.0,235.0,93877.0,499.0,134.0,26367.0,105617.0,10776.0,11107.0,18474.0,21587.0,21724.0,38573.0,1063.0,59402.0,63902.0,17048.0,76.1
2026,ID,SBE,120426.0,15959.0,509.0,202.0,92090.0,402.0,108.0,31552.0,104467.0,29187.0,12501.0,15689.0,17665.0,17564.0,27368.0,452.0,56020.0,64406.0,15087.0,76.5
2026,IL,SBE,448568.0,74773.0,816.0,230.0,382114.0,688.0,142.0,129236.0,373795.0,37532.0,42692.0,79958.0,82443.0,79170.0,117840.0,8933.0,212230.0,236338.0,97565.0,85.2
2026,IN,HC.gov,300049.0,42907.0,623.0,222.0,250156.0,481.0,137.0,144117.0,257142.0,33098.0,26573.0,46024.0,57434.0,58668.0,74899.0,3353.0,148122.0,151927.0,30907.0,83.4
2026,KS,HC.gov,192811.0,26335.0,779.0,160.0,170974.0,697.0,80.0,82814.0,166476.0,19078.0,21582.0,31367.0,40410.0,35825.0,42341.0,2208.0,93348.0,99463.0,54975.0,88.7
2026,KY,SBE,89028.0,15624.0,797.0,288.0,71435.0,634.0,168.0,38204.0,73404.0,6848.0,8283.0,13672.0,15969.0,16760.0,26811.0,685.0,38446.0,50576.0,5096.0,80.2
2026,LA,HC.gov,296648.0,31342.0,759.0,144.0,270419.0,674.0,82.0,104278.0,265306.0,21253.0,29803.0,47651.0,64388.0,64580.0,65807.0,3166.0,149108.0,147540.0,98447.0,91.2
2026,MA,SBE,403624.0,56744.0,594.0,325.0,292196.0,371.0,219.0,202567.0,346880.0,19709.0,48941.0,80784.0,85600.0,75202.0,87340.0,5789.0,179192.0,221459.0,6783.0,72.4
2026,MD,SBE,255612.0,47815.0,542.0,284.0,172309.0,384.0,181.0,66136.0,207797.0,15653.0,30289.0,49532.0,48122.0,44150.0,56753.0,11113.0,110879.0,144733.0,5301.0,67.4
2026,ME,SBE,58523.0,8577.0,913.0,340.0,43597.0,769.0,178.0,14059.0,49946.0,5899.0,3647.0,7927.0,10003.0,10385.0,20271.0,391.0,26910.0,31613.0,4796.0,74.5
2026,MI,HC.gov,497064.0,64637.0,657.0,222.0,402911.0,536.0,127.0,187924.0,432427.0,57935.0,45737.0,79210.0,87019.0,86257.0,134622.0,6284.0,249747.0,247317.0,80373.0,81.1
2026,MN,SBE,139251.0,24417.0,639.0,437.0,68982.0,409.0,284.0,11775.0,114834.0,16199.0,10829.0,18999.0,21388.0,21861.0,49301.0,674.0,66073.0,73178.0,,49.5
2026,MO,HC.gov,365734.0,46284.0,724.0,173.0,316392.0,638.0,90.0,124690.0,319450.0,36487.0,32421.0,54443.0,73463.0,72763.0,92437.0,3720.0,186175.0,179559.0,90976.0,86.5
2026,MS,HC.gov,313392.0,62394.0,816.0,131.0,298865.0,718.0,94.0,186310.0,250998.0,28732.0,42585.0,50779.0,63668.0,64568.0,60813.0,2247.0,147288.0,166104.0,81264.0,95.4
2026,MT,HC.gov,73255.0,10443.0,729.0,230.0,56892.0,643.0,107.0,17672.0,62812.0,10311.0,6556.0,11499.0,13577.0,12498.0,18448.0,366.0,35203.0,38052.0,16901.0,77.7
2026,NC,HC.gov,761457.0,125794.0,755.0,180.0,662864.0,660.0,97.0,209992.0,635663.0,81512.0,66945.0,119284.0,148097.0,151310.0,182796.0,11513.0,372621.0,388836.0,224848.0,87.1
2026,ND,HC.gov,41014.0,5230.0,591.0,229.0,32183.0,462.0,126.0,8575.0,35784.0,9647.0,3698.0,5960.0,6800.0,5459.0,9253.0,197.0,20162.0,20852.0,6113.0,78.5
2026,NE,HC.gov,128492.0,14833.0,800.0,217.0,111189.0,674.0,120.0,31736.0,113659.0,23273.0,12923.0,18338.0,23152.0,21848.0,27776.0,1182.0,63521.0,64971.0,22486.0,86.5
2026,NH,HC.gov,66024.0,11751.0,553.0,342.0,36748.0,378.0,200.0,15992.0,54273.0,6458.0,5372.0,10135.0,11496.0,10857.0,21173.0,533.0,30856.0,35168.0,1649.0,55.7
2026,NJ,SBE,509192.0,77970.0,734.0,277.0,418531.0,556.0,185.0,252924.0,431222.0,43167.0,55560.0,90571.0,87970.0,93349.0,124817.0,13758.0,236210.0,272982.0,19953.0,82.2
2026,NM,SBE,83103.0,12863.0,842.0,299.0,68362.0,659.0,196.0,30047.0,70240.0,7366.0,8194.0,11930.0,13709.0,15318.0,24547.0,2039.0,36561.0,46542.0,6728.0,82.3
2026,NV,SBE,104286.0,20911.0,659.0,234.0,85980.0,516.0,148.0,47753.0,83375.0,16023.0,8060.0,13239.0,17819.0,17903.0,28305.0,2937.0,48676.0,55610.0,4694.0,82.4
2026,NY,SBE,210704.0,31868.0,812.0,636.0,89718.0,422.0,376.0,45169.0,178836.0,10430.0,15251.0,36377.0,38185.0,39418.0,67356.0,3687.0,102028.0,108676.0,595.0,42.6
2026,OH,HC.gov,469616.0,73309.0,665.0,233.0,387729.0,523.0,131.0,143213.0,396307.0,49039.0,41017.0,71154.0,84165.0,86431.0,132286.0,5524.0,236755.0,232861.0,79348.0,82.6
2026,OK,HC.gov,261887.0,33769.0,727.0,161.0,237649.0,624.0,98.0,110178.0,228118.0,30194.0,26054.0,37598.0,53972.0,54107.0,56947.0,3015.0,130062.0,131825.0,72034.0,90.7
2026,OR,HC.gov,118372.0,16801.0,741.0,426.0,71031.0,525.0,253.0,18109.0,101571.0,11340.0,7112.0,13831.0,20864.0,24175.0,39861.0,1189.0,53365.0,65007.0,2016.0,60.0
2026,PA,SBE,501459.0,81373.0,742.0,251.0,400008.0,616.0,145.0,117089.0,420086.0,39969.0,42670.0,80191.0,89201.0,88136.0,155023.0,6269.0,233983.0,267476.0,70865.0,79.8
2026,RI,SBE,43446.0,9818.0,649.0,246.0,35699.0,491.0,166.0,14773.0,33628.0,2256.0,5052.0,7551.0,8291.0,8208.0,11207.0,881.0,18492.0,24954.0,2751.0,82.2
2026,SC,HC.gov,587567.0,84654.0,655.0,139.0,524034.0,579.0,76.0,179913.0,502913.0,59608.0,64537.0,92920.0,118077.0,115947.0,130910.0,5568.0,287019.0,300548.0,176288.0,89.2
2026,SD,HC.gov,50951.0,6685.0,684.0,211.0,42465.0,568.0,118.0,13836.0,44266.0,11405.0,4581.0,7272.0,8237.0,7297.0,11963.0,196.0,24756.0,26195.0,7850.0,83.3
2026,TN,HC.gov,569310.0,92921.0,838.0,141.0,514288.0,772.0,67.0,196796.0,476389.0,45220.0,57899.0,94914.0,116826.0,118814.0,129107.0,6530.0,286608.0,282702.0,206664.0,90.3
2026,TX,HC.gov,4172233.0,764316.0,709.0,89.0,3877775.0,667.0,41.0,1085487.0,3407917.0,668809.0,485549.0,637307.0,853029.0,731528.0,709598.0,86413.0,2000093.0,2172140.0,2064847.0,92.9
2026,UT,HC.gov,387336.0,46063.0,571.0,120.0,350154.0,499.0,68.0,168777.0,341273.0,109906.0,50560.0,66646.0,60528.0,49036.0,46620.0,4040.0,186612.0,200724.0,96397.0,90.4
2026,VA,SBE,370086.0,58469.0,575.0,215.0,288477.0,461.0,124.0,108046.0,311617.0,51996.0,35830.0,51485.0,61196.0,66167.0,93825.0,9587.0,173752.0,196334.0,41133.0,77.9
2026,VT,SBE,30344.0,2492.0,1090.0,364.0,23336.0,947.0,183.0,1198.0,27852.0,1830.0,2712.0,4690.0,5657.0,5816.0,9321.0,318.0,14337.0,16007.0,4640.0,76.9
2026,WA,SBE,290109.0,51635.0,738.0,343.0,187093.0,612.0,146.0,49542.0,238474.0,19506.0,27938.0,48931.0,53994.0,51657.0,81114.0,6969.0,131440.0,158669.0,27922.0,64.5
2026,WI,HC.gov,291336.0,39582.0,784.0,250.0,228117.0,681.0,123.0,88824.0,251754.0,20874.0,24188.0,41573.0,46593.0,48337.0,107566.0,2205.0,137094.0,154242.0,44462.0,78.3
2026,WV,HC.gov,55879.0,6922.0,1314.0,208.0,49659.0,1244.0,80.0,14766.0,48957.0,3451.0,4273.0,7905.0,10352.0,12594.0,16854.0,450.0,26444.0,29435.0,19864.0,88.9
2026,WY,HC.gov,41545.0,5503.0,1217.0,235.0,36186.0,1127.0,88.0,9430.0,36042.0,6493.0,3991.0,6461.0,7496.0,6698.0,10167.0,239.0,19138.0,22407.0,9569.0,87.1
